Date,Open,High,Low,Close,Adj Close,Volume
2020-01-02 00:00:00-05:00,32.310001373291016,32.5,31.959999084472656,32.29999923706055,32.29999923706055,10694420
2020-01-03 00:00:00-05:00,31.709999084472656,32.099998474121094,31.260000228881836,31.520000457763672,31.520000457763672,14440378
2020-01-06 00:00:00-05:00,31.229999542236328,31.709999084472656,31.15999984741211,31.639999389648438,31.639999389648438,12585831
2020-01-07 00:00:00-05:00,31.799999237060547,32.69499969482422,31.719999313354492,32.540000915527344,32.540000915527344,13484461
2020-01-08 00:00:00-05:00,32.349998474121094,33.400001525878906,32.349998474121094,33.04999923706055,33.04999923706055,14637344
2020-01-09 00:00:00-05:00,33.529998779296875,33.540000915527344,33.0,33.220001220703125,33.220001220703125,10892335
2020-01-10 00:00:00-05:00,32.86000061035156,33.0099983215332,32.459999084472656,32.779998779296875,32.779998779296875,11060324
2020-01-13 00:00:00-05:00,32.970001220703125,33.06999969482422,32.4900016784668,32.689998626708984,32.689998626708984,11008264
2020-01-14 00:00:00-05:00,32.689998626708984,33.119998931884766,32.63999938964844,32.81999969482422,32.81999969482422,9816501
2020-01-15 00:00:00-05:00,32.9900016784668,33.5099983215332,32.95000076293945,33.22999954223633,33.22999954223633,11262325
2020-01-16 00:00:00-05:00,33.5,34.27000045776367,33.029998779296875,34.189998626708984,34.189998626708984,19919940
2020-01-17 00:00:00-05:00,33.819698333740234,34.38999938964844,33.58000183105469,34.220001220703125,34.220001220703125,19303535
2020-01-21 00:00:00-05:00,34.08000183105469,34.3849983215332,33.869998931884766,34.09000015258789,34.09000015258789,17055610
2020-01-22 00:00:00-05:00,34.290000915527344,34.540000915527344,33.95500183105469,34.02000045776367,34.02000045776367,12851777
2020-01-23 00:00:00-05:00,33.9900016784668,34.36000061035156,33.720001220703125,33.88999938964844,33.88999938964844,14887188
2020-01-24 00:00:00-05:00,34.11000061035156,34.11000061035156,32.970001220703125,33.189998626708984,33.189998626708984,12336565
2020-01-27 00:00:00-05:00,32.310001373291016,32.93000030517578,32.150001525878906,32.779998779296875,32.779998779296875,11800757
2020-01-28 00:00:00-05:00,33.060001373291016,33.65999984741211,32.849998474121094,33.41999816894531,33.41999816894531,9739386
2020-01-29 00:00:00-05:00,33.59000015258789,33.880001068115234,33.292701721191406,33.630001068115234,33.630001068115234,7582161
2020-01-30 00:00:00-05:00,32.86000061035156,33.22999954223633,32.38999938964844,33.220001220703125,33.220001220703125,12083785
2020-01-31 00:00:00-05:00,33.11000061035156,33.13999938964844,32.08000183105469,32.47999954223633,32.47999954223633,12033053
2020-02-03 00:00:00-05:00,32.560001373291016,33.2400016784668,32.45000076293945,33.06999969482422,33.06999969482422,14196194
2020-02-04 00:00:00-05:00,33.75,34.1150016784668,33.400001525878906,33.959999084472656,33.959999084472656,14598184
2020-02-05 00:00:00-05:00,34.0,34.15999984741211,33.189998626708984,33.38999938964844,33.38999938964844,20468190
2020-02-06 00:00:00-05:00,36.529998779296875,39.63999938964844,36.41999816894531,38.40999984741211,38.40999984741211,87659732
2020-02-07 00:00:00-05:00,37.630001068115234,38.150001525878906,36.84000015258789,37.029998779296875,37.029998779296875,31135081
2020-02-10 00:00:00-05:00,36.630001068115234,36.849998474121094,35.650001525878906,35.959999084472656,35.959999084472656,34860315
2020-02-11 00:00:00-05:00,36.119998931884766,36.279998779296875,35.53499984741211,35.650001525878906,35.650001525878906,14464738
2020-02-12 00:00:00-05:00,36.189998626708984,37.02000045776367,36.16999816894531,36.790000915527344,36.790000915527344,20716437
2020-02-13 00:00:00-05:00,36.43000030517578,37.31999969482422,36.209999084472656,37.15999984741211,37.15999984741211,19621434
2020-02-14 00:00:00-05:00,37.0,37.349998474121094,36.58000183105469,36.90999984741211,36.90999984741211,12210390
2020-02-18 00:00:00-05:00,36.779998779296875,38.06999969482422,36.68000030517578,38.060001373291016,38.060001373291016,16821347
2020-02-19 00:00:00-05:00,38.09000015258789,38.90999984741211,37.935001373291016,38.77000045776367,38.77000045776367,19068566
2020-02-20 00:00:00-05:00,38.7599983215332,39.060001373291016,37.95500183105469,39.04999923706055,39.04999923706055,17273369
2020-02-21 00:00:00-05:00,38.66999816894531,38.7599983215332,38.040000915527344,38.310001373291016,38.310001373291016,15326738
2020-02-24 00:00:00-05:00,36.5,36.59000015258789,35.29999923706055,35.88999938964844,35.88999938964844,25155384
2020-02-25 00:00:00-05:00,36.18000030517578,36.45000076293945,34.8849983215332,35.209999084472656,35.209999084472656,19841301
2020-02-26 00:00:00-05:00,35.279998779296875,35.81999969482422,34.435001373291016,34.630001068115234,34.630001068115234,18066349
2020-02-27 00:00:00-05:00,33.72999954223633,34.20000076293945,32.470001220703125,33.0099983215332,33.0099983215332,27234090
2020-02-28 00:00:00-05:00,31.860000610351562,33.369998931884766,31.510000228881836,33.20000076293945,33.20000076293945,33688909
2020-03-02 00:00:00-05:00,36.0,36.86000061035156,35.13999938964844,35.81999969482422,35.81999969482422,39914745
2020-03-03 00:00:00-05:00,36.02000045776367,36.47999954223633,34.40999984741211,34.93000030517578,34.93000030517578,22973059
2020-03-04 00:00:00-05:00,35.7599983215332,36.0,34.77000045776367,36.0,36.0,14980308
2020-03-05 00:00:00-05:00,35.029998779296875,35.72999954223633,34.52000045776367,34.970001220703125,34.970001220703125,14132158
2020-03-06 00:00:00-05:00,33.810001373291016,33.9900016784668,32.5099983215332,33.459999084472656,33.459999084472656,20361058
2020-03-09 00:00:00-04:00,31.809999465942383,35.36000061035156,30.6200008392334,32.459999084472656,32.459999084472656,41767571
2020-03-10 00:00:00-04:00,33.900001525878906,34.779998779296875,33.119998931884766,34.310001373291016,34.310001373291016,27327634
2020-03-11 00:00:00-04:00,33.29999923706055,33.455299377441406,30.010000228881836,31.299999237060547,31.299999237060547,27478301
2020-03-12 00:00:00-04:00,29.079999923706055,29.690000534057617,26.700000762939453,26.780000686645508,26.780000686645508,32519482
2020-03-13 00:00:00-04:00,28.829999923706055,29.40999984741211,26.400100708007812,29.290000915527344,29.290000915527344,29059112
2020-03-16 00:00:00-04:00,26.1200008392334,28.350000381469727,23.920000076293945,24.040000915527344,24.040000915527344,28768061
2020-03-17 00:00:00-04:00,24.3799991607666,25.84000015258789,23.18000030517578,24.479999542236328,24.479999542236328,28741680
2020-03-18 00:00:00-04:00,22.950000762939453,23.489999771118164,20.0,22.0,22.0,31012723
2020-03-19 00:00:00-04:00,22.110000610351562,25.170000076293945,20.655799865722656,24.1299991607666,24.1299991607666,29980029
2020-03-20 00:00:00-04:00,24.969999313354492,25.863800048828125,23.700000762939453,23.950000762939453,23.950000762939453,28250721
2020-03-23 00:00:00-04:00,23.799999237060547,25.25,23.5,24.690000534057617,24.690000534057617,21882578
2020-03-24 00:00:00-04:00,25.790000915527344,26.459999084472656,24.1299991607666,25.850000381469727,25.850000381469727,32815915
2020-03-25 00:00:00-04:00,25.850000381469727,27.459999084472656,24.520000457763672,25.969999313354492,25.969999313354492,25738824
2020-03-26 00:00:00-04:00,26.149999618530273,27.030000686645508,25.625,26.40999984741211,26.40999984741211,20453335
2020-03-27 00:00:00-04:00,25.559999465942383,25.829999923706055,24.760000228881836,25.290000915527344,25.290000915527344,22069283
2020-03-30 00:00:00-04:00,25.25,25.940000534057617,24.600000381469727,25.59000015258789,25.59000015258789,20720844
2020-03-31 00:00:00-04:00,25.790000915527344,26.33060073852539,24.399999618530273,24.559999465942383,24.559999465942383,24993383
2020-04-01 00:00:00-04:00,23.700000762939453,24.39419937133789,23.049999237060547,23.31999969482422,23.31999969482422,20026972
2020-04-02 00:00:00-04:00,23.0,23.579999923706055,22.360000610351562,23.020000457763672,23.020000457763672,17114776
2020-04-03 00:00:00-04:00,24.100000381469727,24.31999969482422,22.75,23.09000015258789,23.09000015258789,25029710
2020-04-06 00:00:00-04:00,24.100000381469727,25.049999237060547,23.790000915527344,24.93000030517578,24.93000030517578,26014880
2020-04-07 00:00:00-04:00,25.969999313354492,26.860000610351562,25.310199737548828,25.610000610351562,25.610000610351562,25831091
2020-04-08 00:00:00-04:00,26.78499984741211,28.459999084472656,25.920000076293945,27.860000610351562,27.860000610351562,31240846
2020-04-09 00:00:00-04:00,28.479999542236328,29.049999237060547,27.280000686645508,27.770000457763672,27.770000457763672,22233208
2020-04-13 00:00:00-04:00,27.549999237060547,27.6200008392334,26.239999771118164,27.209999084472656,27.209999084472656,15059939
2020-04-14 00:00:00-04:00,28.0,28.40999984741211,27.600000381469727,27.940000534057617,27.940000534057617,13766221
2020-04-15 00:00:00-04:00,27.100000381469727,27.639999389648438,26.75,27.510000228881836,27.510000228881836,15822235
2020-04-16 00:00:00-04:00,26.860000610351562,27.170000076293945,25.954999923706055,26.549999237060547,26.549999237060547,21946564
2020-04-17 00:00:00-04:00,27.15999984741211,27.920000076293945,26.469999313354492,26.700000762939453,26.700000762939453,21129460
2020-04-20 00:00:00-04:00,26.309999465942383,27.530000686645508,26.110000610351562,27.010000228881836,27.010000228881836,16755369
2020-04-21 00:00:00-04:00,26.389999389648438,26.719999313354492,25.05500030517578,25.75,25.75,28093694
2020-04-22 00:00:00-04:00,27.0,28.5,26.450000762939453,28.440000534057617,28.440000534057617,28587496
2020-04-23 00:00:00-04:00,28.43000030517578,28.84000015258789,27.729999542236328,27.860000610351562,27.860000610351562,19019564
2020-04-24 00:00:00-04:00,27.989999771118164,28.834999084472656,27.459999084472656,28.739999771118164,28.739999771118164,15936424
2020-04-27 00:00:00-04:00,29.1299991607666,30.385000228881836,29.1299991607666,30.0,30.0,22490592
2020-04-28 00:00:00-04:00,30.399999618530273,30.450000762939453,28.573400497436523,28.790000915527344,28.790000915527344,23363980
2020-04-29 00:00:00-04:00,30.059999465942383,31.5,29.6200008392334,31.09000015258789,31.09000015258789,29568757
2020-04-30 00:00:00-04:00,28.790000915527344,30.56999969482422,28.084999084472656,28.68000030517578,28.68000030517578,68959054
2020-05-01 00:00:00-04:00,28.0,28.44499969482422,27.191499710083008,27.84000015258789,27.84000015258789,28231066
2020-05-04 00:00:00-04:00,27.600000381469727,28.420000076293945,27.389999389648438,28.229999542236328,28.229999542236328,17846258
2020-05-05 00:00:00-04:00,28.670000076293945,28.729900360107422,27.899999618530273,28.06999969482422,28.06999969482422,19221904
2020-05-06 00:00:00-04:00,28.350000381469727,28.420000076293945,27.55299949645996,27.68000030517578,27.68000030517578,15531047
2020-05-07 00:00:00-04:00,28.079999923706055,28.774999618530273,27.940000534057617,28.770000457763672,28.770000457763672,16190536
2020-05-08 00:00:00-04:00,29.09000015258789,29.969999313354492,28.739999771118164,29.93000030517578,29.93000030517578,19208844
2020-05-11 00:00:00-04:00,29.649999618530273,30.075000762939453,29.33180046081543,29.690000534057617,29.690000534057617,13839751
2020-05-12 00:00:00-04:00,29.850000381469727,29.93000030517578,29.09000015258789,29.149999618530273,29.149999618530273,13734496
2020-05-13 00:00:00-04:00,29.239999771118164,29.68000030517578,27.579999923706055,28.1299991607666,28.1299991607666,19401663
2020-05-14 00:00:00-04:00,27.829999923706055,28.579999923706055,27.1200008392334,28.559999465942383,28.559999465942383,12364650
2020-05-15 00:00:00-04:00,28.299999237060547,29.25,28.110000610351562,29.0,29.0,15939163
2020-05-18 00:00:00-04:00,29.700000762939453,30.28499984741211,29.559999465942383,29.639999389648438,29.639999389648438,15790015
2020-05-19 00:00:00-04:00,29.700000762939453,30.350000381469727,29.325000762939453,29.8799991607666,29.8799991607666,17386159
2020-05-20 00:00:00-04:00,30.5,32.349998474121094,30.450000762939453,32.22999954223633,32.22999954223633,26955488
2020-05-21 00:00:00-04:00,32.099998474121094,32.61000061035156,31.389999389648438,32.34000015258789,32.34000015258789,22881674
2020-05-22 00:00:00-04:00,32.380001068115234,32.77000045776367,31.774999618530273,32.619998931884766,32.619998931884766,13310716
2020-05-26 00:00:00-04:00,33.599998474121094,34.27000045776367,33.36000061035156,34.0099983215332,34.0099983215332,20489328
2020-05-27 00:00:00-04:00,33.630001068115234,34.0,32.23500061035156,33.06999969482422,33.06999969482422,24550866
2020-05-28 00:00:00-04:00,31.5,32.68000030517578,31.31999969482422,31.600000381469727,31.600000381469727,37323844
2020-05-29 00:00:00-04:00,31.559999465942383,31.610000610351562,30.290000915527344,30.969999313354492,30.969999313354492,39427683
2020-06-01 00:00:00-04:00,31.059999465942383,32.099998474121094,30.84000015258789,31.889999389648438,31.889999389648438,14583619
2020-06-02 00:00:00-04:00,32.189998626708984,32.42499923706055,31.610000610351562,32.2599983215332,32.2599983215332,15318429
2020-06-03 00:00:00-04:00,32.61000061035156,35.040000915527344,32.439998626708984,34.880001068115234,34.880001068115234,28396335
2020-06-04 00:00:00-04:00,34.5,34.939998626708984,33.34000015258789,33.720001220703125,33.720001220703125,20265079
2020-06-05 00:00:00-04:00,34.470001220703125,35.970001220703125,34.470001220703125,34.869998931884766,34.869998931884766,23211535
2020-06-08 00:00:00-04:00,35.959999084472656,36.939998626708984,35.75,36.63999938964844,36.63999938964844,20211942
2020-06-09 00:00:00-04:00,35.9900016784668,36.20000076293945,35.16299819946289,35.91999816894531,35.91999816894531,17840740
2020-06-10 00:00:00-04:00,36.119998931884766,36.439998626708984,34.900001525878906,35.13999938964844,35.13999938964844,17480658
2020-06-11 00:00:00-04:00,33.130001068115234,34.45000076293945,32.720001220703125,33.029998779296875,33.029998779296875,23727861
2020-06-12 00:00:00-04:00,33.939998626708984,34.170101165771484,32.470001220703125,33.400001525878906,33.400001525878906,14709354
2020-06-15 00:00:00-04:00,32.90999984741211,34.189998626708984,32.84000015258789,34.11000061035156,34.11000061035156,19342186
2020-06-16 00:00:00-04:00,35.13999938964844,35.459999084472656,34.209999084472656,34.630001068115234,34.630001068115234,20132416
2020-06-17 00:00:00-04:00,34.4900016784668,34.81999969482422,34.099998474121094,34.34000015258789,34.34000015258789,12266135
2020-06-18 00:00:00-04:00,34.29999923706055,34.44499969482422,33.86000061035156,34.029998779296875,34.029998779296875,10543562
2020-06-19 00:00:00-04:00,34.63999938964844,34.94499969482422,33.400001525878906,33.40999984741211,33.40999984741211,19345480
2020-06-22 00:00:00-04:00,33.56999969482422,33.63999938964844,32.95000076293945,33.470001220703125,33.470001220703125,12896575
2020-06-23 00:00:00-04:00,33.75,33.79999923706055,32.730098724365234,32.90999984741211,32.90999984741211,20549344
2020-06-24 00:00:00-04:00,32.529998779296875,33.060001373291016,31.34000015258789,31.729999542236328,31.729999542236328,16586771
2020-06-25 00:00:00-04:00,31.540000915527344,31.604999542236328,30.81999969482422,31.3700008392334,31.3700008392334,17802556
2020-06-26 00:00:00-04:00,31.1200008392334,31.31999969482422,28.75,29.049999237060547,29.049999237060547,56913649
2020-06-29 00:00:00-04:00,28.510000228881836,30.03499984741211,28.229999542236328,29.489999771118164,29.489999771118164,27482817
2020-06-30 00:00:00-04:00,29.6299991607666,29.81999969482422,29.020000457763672,29.790000915527344,29.790000915527344,20647989
2020-07-01 00:00:00-04:00,30.149999618530273,31.170000076293945,30.059999465942383,30.809999465942383,30.809999465942383,20778996
2020-07-02 00:00:00-04:00,31.299999237060547,31.399999618530273,30.395000457763672,30.8700008392334,30.8700008392334,14553748
2020-07-06 00:00:00-04:00,31.549999237060547,32.810001373291016,31.155000686645508,32.34000015258789,32.34000015258789,22399973
2020-07-07 00:00:00-04:00,31.959999084472656,33.66999816894531,31.764999389648438,32.9900016784668,32.9900016784668,27940879
2020-07-08 00:00:00-04:00,33.20000076293945,36.97999954223633,32.72999954223633,35.40999984741211,35.40999984741211,109654665
2020-07-09 00:00:00-04:00,35.880001068115234,36.18000030517578,34.810001373291016,35.720001220703125,35.720001220703125,34648752
2020-07-10 00:00:00-04:00,35.459999084472656,35.7599983215332,34.86000061035156,35.400001525878906,35.400001525878906,15238716
2020-07-13 00:00:00-04:00,35.720001220703125,36.209999084472656,33.7599983215332,33.81999969482422,33.81999969482422,22480572
2020-07-14 00:00:00-04:00,33.529998779296875,34.65999984741211,33.439998626708984,34.380001068115234,34.380001068115234,18533247
2020-07-15 00:00:00-04:00,35.119998931884766,35.79999923706055,34.62070083618164,35.66999816894531,35.66999816894531,16579873
2020-07-16 00:00:00-04:00,34.130001068115234,35.58000183105469,34.0,35.279998779296875,35.279998779296875,24353300
2020-07-17 00:00:00-04:00,35.310001373291016,35.999000549316406,34.72999954223633,35.810001373291016,35.810001373291016,18571113
2020-07-20 00:00:00-04:00,35.79999923706055,37.16999816894531,35.79999923706055,37.060001373291016,37.060001373291016,16866965
2020-07-21 00:00:00-04:00,37.790000915527344,38.5,37.0,37.0099983215332,37.0099983215332,19275865
2020-07-22 00:00:00-04:00,36.970001220703125,37.41999816894531,36.25,36.939998626708984,36.939998626708984,18185154
2020-07-23 00:00:00-04:00,37.650001525878906,40.255001068115234,37.5,38.439998626708984,38.439998626708984,90266687
2020-07-24 00:00:00-04:00,38.279998779296875,38.540000915527344,37.13999938964844,37.540000915527344,37.540000915527344,23068344
2020-07-27 00:00:00-04:00,37.579898834228516,37.59000015258789,36.09000015258789,36.849998474121094,36.849998474121094,22911333
2020-07-28 00:00:00-04:00,36.45000076293945,37.31999969482422,36.40999984741211,36.61000061035156,36.61000061035156,13566849
2020-07-29 00:00:00-04:00,36.970001220703125,37.25,36.72999954223633,37.15999984741211,37.15999984741211,10675567
2020-07-30 00:00:00-04:00,36.72999954223633,37.10499954223633,36.380001068115234,36.720001220703125,36.720001220703125,9997391
2020-07-31 00:00:00-04:00,37.33000183105469,37.33000183105469,35.970001220703125,36.400001525878906,36.400001525878906,18551547
2020-08-03 00:00:00-04:00,36.40999984741211,36.88999938964844,35.90380096435547,36.38999938964844,36.38999938964844,15488023
2020-08-04 00:00:00-04:00,35.91999816894531,36.61000061035156,35.650001525878906,36.349998474121094,36.349998474121094,10596685
2020-08-05 00:00:00-04:00,36.560001373291016,37.34000015258789,36.40999984741211,36.790000915527344,36.790000915527344,10052108
2020-08-06 00:00:00-04:00,36.849998474121094,37.810001373291016,36.4900016784668,37.689998626708984,37.689998626708984,10478861
2020-08-07 00:00:00-04:00,37.41999816894531,38.025001525878906,36.72999954223633,37.13999938964844,37.13999938964844,11341053
2020-08-10 00:00:00-04:00,38.36000061035156,39.16999816894531,37.310001373291016,37.439998626708984,37.439998626708984,29298411
2020-08-11 00:00:00-04:00,37.59000015258789,39.0,36.709999084472656,37.279998779296875,37.279998779296875,20486047
2020-08-12 00:00:00-04:00,37.5,38.0,36.820701599121094,37.439998626708984,37.439998626708984,11013333
2020-08-13 00:00:00-04:00,37.43000030517578,38.27000045776367,37.369998931884766,37.81999969482422,37.81999969482422,13259407
2020-08-14 00:00:00-04:00,37.7400016784668,37.959999084472656,37.279998779296875,37.900001525878906,37.900001525878906,10377318
2020-08-17 00:00:00-04:00,37.95000076293945,38.09000015258789,37.27000045776367,37.970001220703125,37.970001220703125,10188499
2020-08-18 00:00:00-04:00,38.279998779296875,38.459999084472656,37.7400016784668,38.0099983215332,38.0099983215332,8572471
2020-08-19 00:00:00-04:00,38.09000015258789,39.52000045776367,38.060001373291016,38.88999938964844,38.88999938964844,17077241
2020-08-20 00:00:00-04:00,38.619998931884766,39.0,38.29999923706055,38.959999084472656,38.959999084472656,7745448
2020-08-21 00:00:00-04:00,38.9900016784668,39.38999938964844,38.70000076293945,39.2599983215332,39.2599983215332,9758567
2020-08-24 00:00:00-04:00,39.68000030517578,40.79999923706055,39.63999938964844,40.4900016784668,40.4900016784668,20496571
2020-08-25 00:00:00-04:00,40.439998626708984,40.69900131225586,39.31999969482422,40.54999923706055,40.54999923706055,12470520
2020-08-26 00:00:00-04:00,40.54999923706055,41.33000183105469,40.0,41.08000183105469,41.08000183105469,12532525
2020-08-27 00:00:00-04:00,40.970001220703125,41.25,40.06999969482422,40.38999938964844,40.38999938964844,13055043
2020-08-28 00:00:00-04:00,40.5,41.16999816894531,40.41999816894531,41.06999969482422,41.06999969482422,8033773
2020-08-31 00:00:00-04:00,40.9900016784668,41.06999969482422,40.564998626708984,40.58000183105469,40.58000183105469,7468349
2020-09-01 00:00:00-04:00,40.61000061035156,41.244998931884766,40.13999938964844,41.150001525878906,41.150001525878906,10478788
2020-09-02 00:00:00-04:00,41.52000045776367,44.09000015258789,41.36000061035156,43.66999816894531,43.66999816894531,26800035
2020-09-03 00:00:00-04:00,42.7400016784668,43.0,40.959999084472656,41.630001068115234,41.630001068115234,18760841
2020-09-04 00:00:00-04:00,41.20000076293945,41.4900016784668,38.43009948730469,39.869998931884766,39.869998931884766,17824985
2020-09-08 00:00:00-04:00,38.52000045776367,39.18000030517578,38.099998474121094,38.189998626708984,38.189998626708984,16117252
2020-09-09 00:00:00-04:00,38.849998474121094,39.810001373291016,38.33000183105469,39.560001373291016,39.560001373291016,10743999
2020-09-10 00:00:00-04:00,39.790000915527344,40.400001525878906,38.81999969482422,38.95000076293945,38.95000076293945,10412334
2020-09-11 00:00:00-04:00,39.2400016784668,39.4900016784668,38.510101318359375,38.93000030517578,38.93000030517578,9885508
2020-09-14 00:00:00-04:00,39.40999984741211,39.5880012512207,38.54999923706055,38.77000045776367,38.77000045776367,9418354
2020-09-15 00:00:00-04:00,39.189998626708984,39.29999923706055,38.224998474121094,39.09000015258789,39.09000015258789,14104996
2020-09-16 00:00:00-04:00,39.38999938964844,40.900001525878906,39.189998626708984,39.599998474121094,39.599998474121094,18896608
2020-09-17 00:00:00-04:00,38.849998474121094,39.53499984741211,38.60499954223633,39.349998474121094,39.349998474121094,12753000
2020-09-18 00:00:00-04:00,39.36000061035156,40.244998931884766,38.93000030517578,40.150001525878906,40.150001525878906,19492978
2020-09-21 00:00:00-04:00,39.43000030517578,40.20000076293945,39.21500015258789,39.900001525878906,39.900001525878906,13789981
2020-09-22 00:00:00-04:00,40.369998931884766,42.83000183105469,40.27000045776367,42.72999954223633,42.72999954223633,22379005
2020-09-23 00:00:00-04:00,43.880001068115234,46.81990051269531,43.70000076293945,45.33000183105469,45.33000183105469,64803815
2020-09-24 00:00:00-04:00,44.689998626708984,45.06999969482422,42.65999984741211,43.13999938964844,43.13999938964844,27772770
2020-09-25 00:00:00-04:00,43.209999084472656,44.02000045776367,42.59000015258789,43.84000015258789,43.84000015258789,15456558
2020-09-28 00:00:00-04:00,44.400001525878906,44.41999816894531,43.61000061035156,44.150001525878906,44.150001525878906,11672236
2020-09-29 00:00:00-04:00,44.349998474121094,45.5099983215332,44.290000915527344,44.7400016784668,44.7400016784668,13593291
2020-09-30 00:00:00-04:00,44.619998931884766,45.09000015258789,43.95000076293945,44.5,44.5,12923384
2020-10-01 00:00:00-04:00,45.06999969482422,46.720001220703125,44.97999954223633,46.70000076293945,46.70000076293945,18687023
2020-10-02 00:00:00-04:00,45.540000915527344,46.8849983215332,45.43000030517578,46.119998931884766,46.119998931884766,13496810
2020-10-05 00:00:00-04:00,46.459999084472656,47.494998931884766,46.119998931884766,47.310001373291016,47.310001373291016,11202372
2020-10-06 00:00:00-04:00,47.27000045776367,47.869998931884766,45.029998779296875,45.599998474121094,45.599998474121094,15666552
2020-10-07 00:00:00-04:00,46.06999969482422,46.400001525878906,45.7400016784668,45.869998931884766,45.869998931884766,19407737
2020-10-08 00:00:00-04:00,46.439998626708984,46.619998931884766,45.779998779296875,46.0099983215332,46.0099983215332,11355529
2020-10-09 00:00:00-04:00,46.400001525878906,46.40729904174805,45.65999984741211,45.900001525878906,45.900001525878906,8285392
2020-10-12 00:00:00-04:00,47.61000061035156,48.650001525878906,47.40999984741211,48.25,48.25,24162399
2020-10-13 00:00:00-04:00,48.279998779296875,48.31999969482422,46.9900016784668,47.0,47.0,9805899
2020-10-14 00:00:00-04:00,47.4900016784668,47.70000076293945,45.61989974975586,45.97999954223633,45.97999954223633,14455025
2020-10-15 00:00:00-04:00,45.060001373291016,46.084999084472656,44.29999923706055,46.029998779296875,46.029998779296875,19823809
2020-10-16 00:00:00-04:00,46.36000061035156,46.45000076293945,45.053001403808594,45.810001373291016,45.810001373291016,13009817
2020-10-19 00:00:00-04:00,46.04999923706055,46.29999923706055,45.24480056762695,45.81999969482422,45.81999969482422,9870727
2020-10-20 00:00:00-04:00,45.54999923706055,46.779998779296875,45.459999084472656,46.349998474121094,46.349998474121094,9508428
2020-10-21 00:00:00-04:00,48.970001220703125,50.525001525878906,48.849998474121094,50.2400016784668,50.2400016784668,30719662
2020-10-22 00:00:00-04:00,50.0,50.3400993347168,48.11000061035156,50.279998779296875,50.279998779296875,18289013
2020-10-23 00:00:00-04:00,50.20000076293945,50.5,48.94169998168945,50.439998626708984,50.439998626708984,14897673
2020-10-26 00:00:00-04:00,50.0,50.650001525878906,48.39500045776367,49.0,49.0,22803976
2020-10-27 00:00:00-04:00,49.5,51.5099983215332,49.13999938964844,51.27000045776367,51.27000045776367,19306244
2020-10-28 00:00:00-04:00,49.599998474121094,50.0,48.25149917602539,48.529998779296875,48.529998779296875,20168090
2020-10-29 00:00:00-04:00,51.95000076293945,52.93000030517578,50.56999969482422,52.43000030517578,52.43000030517578,55935579
2020-10-30 00:00:00-04:00,44.529998779296875,45.18000030517578,40.83000183105469,41.36000061035156,41.36000061035156,86425061
2020-11-02 00:00:00-05:00,41.150001525878906,41.599998474121094,38.93000030517578,39.470001220703125,39.470001220703125,47323490
2020-11-03 00:00:00-05:00,40.029998779296875,42.11759948730469,40.029998779296875,41.72999954223633,41.72999954223633,33813058
2020-11-04 00:00:00-05:00,42.22999954223633,42.93000030517578,40.810001373291016,42.7599983215332,42.7599983215332,34716981
2020-11-05 00:00:00-05:00,43.5099983215332,44.03799819946289,42.47999954223633,43.709999084472656,43.709999084472656,19693614
2020-11-06 00:00:00-05:00,43.5099983215332,44.189998626708984,42.81999969482422,43.119998931884766,43.119998931884766,17096928
2020-11-09 00:00:00-05:00,43.959999084472656,45.18000030517578,43.11000061035156,43.189998626708984,43.189998626708984,21244729
2020-11-10 00:00:00-05:00,43.36000061035156,43.970001220703125,41.61000061035156,42.40999984741211,42.40999984741211,14129206
2020-11-11 00:00:00-05:00,42.970001220703125,43.72999954223633,42.86000061035156,43.630001068115234,43.630001068115234,11060756
2020-11-12 00:00:00-05:00,43.29999923706055,44.150001525878906,42.68000030517578,42.810001373291016,42.810001373291016,9111416
2020-11-13 00:00:00-05:00,43.25,43.529998779296875,42.415000915527344,43.47999954223633,43.47999954223633,8128413
2020-11-16 00:00:00-05:00,43.5,43.63999938964844,42.43000030517578,42.72999954223633,42.72999954223633,14275425
2020-11-17 00:00:00-05:00,42.36000061035156,43.43000030517578,42.36000061035156,42.849998474121094,42.849998474121094,11288799
2020-11-18 00:00:00-05:00,42.939998626708984,44.290000915527344,42.79999923706055,43.33000183105469,43.33000183105469,9988717
2020-11-19 00:00:00-05:00,43.119998931884766,43.869998931884766,42.79999923706055,43.619998931884766,43.619998931884766,13873994
2020-11-20 00:00:00-05:00,43.79999923706055,45.31999969482422,43.45000076293945,44.68000030517578,44.68000030517578,17050972
2020-11-23 00:00:00-05:00,44.900001525878906,45.564998626708984,44.18000030517578,44.939998626708984,44.939998626708984,10392108
2020-11-24 00:00:00-05:00,45.130001068115234,45.439998626708984,44.459999084472656,45.22999954223633,45.22999954223633,9053930
2020-11-25 00:00:00-05:00,44.970001220703125,46.849998474121094,44.849998474121094,46.43000030517578,46.43000030517578,15076622
2020-11-27 00:00:00-05:00,46.560001373291016,47.005001068115234,46.20000076293945,46.59000015258789,46.59000015258789,5133346
2020-11-30 00:00:00-05:00,46.52000045776367,46.81999969482422,44.935001373291016,46.5099983215332,46.5099983215332,9968764
2020-12-01 00:00:00-05:00,46.7599983215332,47.26499938964844,45.80500030517578,46.66999816894531,46.66999816894531,9084029
2020-12-02 00:00:00-05:00,46.36000061035156,47.939998626708984,45.93000030517578,47.22999954223633,47.22999954223633,10284001
2020-12-03 00:00:00-05:00,47.16999816894531,48.150001525878906,47.029998779296875,47.790000915527344,47.790000915527344,7135954
2020-12-04 00:00:00-05:00,47.75,48.34000015258789,47.66999816894531,47.72999954223633,47.72999954223633,6275308
2020-12-07 00:00:00-05:00,47.54999923706055,48.34000015258789,47.06999969482422,47.900001525878906,47.900001525878906,7746226
2020-12-08 00:00:00-05:00,47.790000915527344,48.099998474121094,46.900001525878906,47.43000030517578,47.43000030517578,7454946
2020-12-09 00:00:00-05:00,47.47999954223633,48.73500061035156,46.91999816894531,47.22999954223633,47.22999954223633,9244832
2020-12-10 00:00:00-05:00,46.70000076293945,51.7400016784668,46.540000915527344,51.209999084472656,51.209999084472656,24147195
2020-12-11 00:00:00-05:00,50.619998931884766,52.45000076293945,49.970001220703125,51.439998626708984,51.439998626708984,18020221
2020-12-14 00:00:00-05:00,51.970001220703125,53.48429870605469,51.79499816894531,52.02000045776367,52.02000045776367,17418187
2020-12-15 00:00:00-05:00,52.02000045776367,52.959999084472656,51.61000061035156,52.81999969482422,52.81999969482422,10868671
2020-12-16 00:00:00-05:00,54.77000045776367,56.11000061035156,53.63999938964844,54.029998779296875,54.029998779296875,29099416
2020-12-17 00:00:00-05:00,54.56999969482422,55.172401428222656,53.94029998779297,54.630001068115234,54.630001068115234,11739927
2020-12-18 00:00:00-05:00,54.93000030517578,56.08000183105469,54.27000045776367,55.869998931884766,55.869998931884766,20450263
2020-12-21 00:00:00-05:00,54.5,55.68000030517578,53.58000183105469,54.63999938964844,54.63999938964844,10349406
2020-12-22 00:00:00-05:00,55.0,55.68000030517578,54.369998931884766,54.90999984741211,54.90999984741211,9263028
2020-12-23 00:00:00-05:00,55.34000015258789,55.45000076293945,54.22999954223633,54.29999923706055,54.29999923706055,6008590
2020-12-24 00:00:00-05:00,54.52000045776367,55.189998626708984,53.857200622558594,53.970001220703125,53.970001220703125,3661053
2020-12-28 00:00:00-05:00,55.0,55.18000030517578,53.93000030517578,54.43000030517578,54.43000030517578,6829611
2020-12-29 00:00:00-05:00,54.5099983215332,55.400001525878906,53.54999923706055,54.36000061035156,54.36000061035156,6644767
2020-12-30 00:00:00-05:00,54.689998626708984,54.90999984741211,54.13999938964844,54.33000183105469,54.33000183105469,5329508
2020-12-31 00:00:00-05:00,54.2400016784668,54.310001373291016,53.7400016784668,54.150001525878906,54.150001525878906,4832261
2021-01-04 00:00:00-05:00,54.4900016784668,55.4900016784668,53.58000183105469,54.529998779296875,54.529998779296875,12231560
2021-01-05 00:00:00-05:00,53.40999984741211,54.5,53.150001525878906,53.880001068115234,53.880001068115234,8317207
2021-01-06 00:00:00-05:00,53.27000045776367,54.51649856567383,52.56999969482422,53.2599983215332,53.2599983215332,9260008
2021-01-07 00:00:00-05:00,52.220001220703125,53.37990188598633,51.459999084472656,52.33000183105469,52.33000183105469,18967648
2021-01-08 00:00:00-05:00,52.5,52.70000076293945,50.189998626708984,51.47999954223633,51.47999954223633,16955435
2021-01-11 00:00:00-05:00,47.09000015258789,49.4900016784668,45.150001525878906,48.18000030517578,48.18000030517578,61647641
2021-01-12 00:00:00-05:00,48.54999923706055,49.130001068115234,46.560001373291016,47.040000915527344,47.040000915527344,26288495
2021-01-13 00:00:00-05:00,48.09000015258789,48.38999938964844,47.02170181274414,47.220001220703125,47.220001220703125,19097220
2021-01-14 00:00:00-05:00,47.65999984741211,47.65999984741211,45.43000030517578,45.790000915527344,45.790000915527344,29748666
2021-01-15 00:00:00-05:00,46.099998474121094,46.20000076293945,45.08000183105469,45.18000030517578,45.18000030517578,25937338
2021-01-19 00:00:00-05:00,45.59000015258789,46.16999816894531,44.400001525878906,45.93000030517578,45.93000030517578,19476292
2021-01-20 00:00:00-05:00,46.22999954223633,47.915000915527344,46.18000030517578,47.599998474121094,47.599998474121094,21432882
2021-01-21 00:00:00-05:00,47.72999954223633,48.02000045776367,46.5,47.119998931884766,47.119998931884766,15457890
2021-01-22 00:00:00-05:00,46.900001525878906,48.18000030517578,46.79999923706055,48.060001373291016,48.060001373291016,13564399
2021-01-25 00:00:00-05:00,48.439998626708984,48.95000076293945,47.0,47.84000015258789,47.84000015258789,13642292
2021-01-26 00:00:00-05:00,48.130001068115234,52.189998626708984,48.02000045776367,49.66999816894531,49.66999816894531,29448477
2021-01-27 00:00:00-05:00,50.63999938964844,50.849998474121094,47.97999954223633,48.189998626708984,48.189998626708984,22427044
2021-01-28 00:00:00-05:00,49.4900016784668,52.25,49.27000045776367,51.56999969482422,51.56999969482422,19973996
2021-01-29 00:00:00-05:00,51.02000045776367,52.9900016784668,49.880001068115234,50.529998779296875,50.529998779296875,17321543
2021-02-01 00:00:00-05:00,51.20000076293945,52.75,51.071800231933594,52.65999984741211,52.65999984741211,13820744
2021-02-02 00:00:00-05:00,52.8650016784668,54.869998931884766,52.709999084472656,54.0,54.0,13977011
2021-02-03 00:00:00-05:00,54.560001373291016,55.189998626708984,53.70000076293945,54.58000183105469,54.58000183105469,16816338
2021-02-04 00:00:00-05:00,54.790000915527344,56.52000045776367,54.439998626708984,56.5099983215332,56.5099983215332,10999268
2021-02-05 00:00:00-05:00,56.02000045776367,57.439998626708984,55.029998779296875,56.779998779296875,56.779998779296875,16889664
2021-02-08 00:00:00-05:00,57.79999923706055,59.599998474121094,57.380001068115234,58.20000076293945,58.20000076293945,18406231
2021-02-09 00:00:00-05:00,58.63999938964844,60.72999954223633,58.54999923706055,59.869998931884766,59.869998931884766,38253777
2021-02-10 00:00:00-05:00,65.80000305175781,69.25,63.20000076293945,67.7699966430664,67.7699966430664,73649183
2021-02-11 00:00:00-05:00,67.98999786376953,69.0199966430664,66.5801010131836,68.55999755859375,68.55999755859375,30470036
2021-02-12 00:00:00-05:00,68.55999755859375,73.18000030517578,68.4000015258789,71.9000015258789,71.9000015258789,38044249
2021-02-16 00:00:00-05:00,72.19000244140625,74.83999633789062,71.8134994506836,73.95999908447266,73.95999908447266,27748039
2021-02-17 00:00:00-05:00,73.05000305175781,73.27999877929688,70.12999725341797,71.79000091552734,71.79000091552734,21422569
2021-02-18 00:00:00-05:00,70.73999786376953,72.9000015258789,70.36000061035156,72.26000213623047,72.26000213623047,16072092
2021-02-19 00:00:00-05:00,72.97000122070312,74.95999908447266,71.87999725341797,72.27999877929688,72.27999877929688,25910960
2021-02-22 00:00:00-05:00,71.7300033569336,73.75,70.41999816894531,70.48999786376953,70.48999786376953,21049583
2021-02-23 00:00:00-05:00,68.44999694824219,74.33000183105469,66.19000244140625,73.16999816894531,73.16999816894531,32669478
2021-02-24 00:00:00-05:00,73.0999984741211,73.94999694824219,71.70999908447266,71.91999816894531,71.91999816894531,18309875
2021-02-25 00:00:00-05:00,78.1500015258789,80.75,73.88999938964844,74.58999633789062,74.58999633789062,63625737
2021-02-26 00:00:00-05:00,76.87000274658203,79.08000183105469,75.0,77.05999755859375,77.05999755859375,35323504
2021-03-01 00:00:00-05:00,78.36000061035156,78.7300033569336,76.05000305175781,77.62999725341797,77.62999725341797,24359195
2021-03-02 00:00:00-05:00,76.61000061035156,77.0999984741211,73.55999755859375,73.66999816894531,73.66999816894531,20517049
2021-03-03 00:00:00-05:00,74.01000213623047,74.5,70.65869903564453,70.86000061035156,70.86000061035156,19379426
2021-03-04 00:00:00-05:00,70.61000061035156,71.77999877929688,66.0199966430664,66.75,66.75,22538633
2021-03-05 00:00:00-05:00,67.66999816894531,67.79000091552734,61.52349853515625,66.94999694824219,66.94999694824219,22346152
2021-03-08 00:00:00-05:00,67.4000015258789,68.63500213623047,63.41999816894531,63.47999954223633,63.47999954223633,21722005
2021-03-09 00:00:00-05:00,65.7249984741211,68.20999908447266,64.60009765625,67.5199966430664,67.5199966430664,22603860
2021-03-10 00:00:00-05:00,69.45649719238281,69.45999908447266,64.58999633789062,64.83000183105469,64.83000183105469,22464154
2021-03-11 00:00:00-05:00,66.37000274658203,68.73999786376953,65.83000183105469,68.45999908447266,68.45999908447266,14722212
2021-03-12 00:00:00-05:00,67.72000122070312,68.81500244140625,66.6447982788086,68.0999984741211,68.0999984741211,15414024
2021-03-15 00:00:00-04:00,68.23999786376953,70.48999786376953,67.18000030517578,70.27999877929688,70.27999877929688,15476354
2021-03-16 00:00:00-04:00,71.06999969482422,71.86000061035156,68.56999969482422,69.25,69.25,13216148
2021-03-17 00:00:00-04:00,68.31999969482422,70.81999969482422,66.95999908447266,70.19999694824219,70.19999694824219,15681622
2021-03-18 00:00:00-04:00,69.20999908447266,69.9000015258789,66.68000030517578,66.72000122070312,66.72000122070312,15850211
2021-03-19 00:00:00-04:00,67.11000061035156,67.11000061035156,65.7699966430664,66.2300033569336,66.2300033569336,20721564
2021-03-22 00:00:00-04:00,66.88999938964844,66.88999938964844,64.3499984741211,65.20999908447266,65.20999908447266,24123797
2021-03-23 00:00:00-04:00,65.1500015258789,65.62999725341797,64.11000061035156,64.2699966430664,64.2699966430664,17788626
2021-03-24 00:00:00-04:00,64.94999694824219,64.94999694824219,62.04999923706055,62.060001373291016,62.060001373291016,15475524
2021-03-25 00:00:00-04:00,60.20000076293945,62.0099983215332,59.56999969482422,61.20000076293945,61.20000076293945,19197217
2021-03-26 00:00:00-04:00,61.52000045776367,61.869998931884766,59.279998779296875,61.2599983215332,61.2599983215332,15582643
2021-03-29 00:00:00-04:00,62.0,64.95999908447266,61.709999084472656,62.939998626708984,62.939998626708984,22034480
2021-03-30 00:00:00-04:00,62.29999923706055,64.0999984741211,61.900001525878906,62.9900016784668,62.9900016784668,12533312
2021-03-31 00:00:00-04:00,63.97999954223633,64.9800033569336,63.27000045776367,63.630001068115234,63.630001068115234,14479759
2021-04-01 00:00:00-04:00,64.68000030517578,66.36000061035156,63.63999938964844,63.83000183105469,63.83000183105469,15261032
2021-04-05 00:00:00-04:00,64.13999938964844,64.33999633789062,61.810001373291016,64.23999786376953,64.23999786376953,15502130
2021-04-06 00:00:00-04:00,64.66999816894531,67.6500015258789,64.30000305175781,67.0,67.0,15587872
2021-04-07 00:00:00-04:00,66.63999938964844,69.97000122070312,66.08000183105469,68.98999786376953,68.98999786376953,23964608
2021-04-08 00:00:00-04:00,69.91000366210938,71.44999694824219,69.27999877929688,71.22000122070312,71.22000122070312,16843412
2021-04-09 00:00:00-04:00,70.3499984741211,71.44999694824219,69.91000366210938,71.19000244140625,71.19000244140625,15659504
2021-04-12 00:00:00-04:00,70.87000274658203,71.83999633789062,69.6500015258789,70.86000061035156,70.86000061035156,9495153
2021-04-13 00:00:00-04:00,71.72000122070312,72.77999877929688,70.7300033569336,72.44999694824219,72.44999694824219,9991652
2021-04-14 00:00:00-04:00,72.51000213623047,73.21800231933594,69.5,69.73999786376953,69.73999786376953,12931247
2021-04-15 00:00:00-04:00,70.55000305175781,71.87999725341797,70.16999816894531,71.70999908447266,71.70999908447266,11108264
2021-04-16 00:00:00-04:00,71.97000122070312,72.19999694824219,69.68000030517578,70.12000274658203,70.12000274658203,9429919
2021-04-19 00:00:00-04:00,69.62000274658203,69.9197998046875,66.7699966430664,67.94000244140625,67.94000244140625,18198645
2021-04-20 00:00:00-04:00,68.01000213623047,68.0999984741211,65.22000122070312,65.69999694824219,65.69999694824219,14171183
2021-04-21 00:00:00-04:00,65.7300033569336,67.35990142822266,64.69999694824219,67.33000183105469,67.33000183105469,11817294
2021-04-22 00:00:00-04:00,67.41999816894531,67.49939727783203,64.08000183105469,64.30999755859375,64.30999755859375,16804056
2021-04-23 00:00:00-04:00,65.72000122070312,67.12999725341797,65.43000030517578,67.0199966430664,67.0199966430664,12416087
2021-04-26 00:00:00-04:00,66.48999786376953,67.24500274658203,65.85179901123047,66.72000122070312,66.72000122070312,11769770
2021-04-27 00:00:00-04:00,67.13999938964844,68.36000061035156,66.0,66.01000213623047,66.01000213623047,10827047
2021-04-28 00:00:00-04:00,65.55000305175781,66.55750274658203,63.74250030517578,65.69999694824219,65.69999694824219,13340301
2021-04-29 00:00:00-04:00,67.01000213623047,67.05000305175781,63.98500061035156,65.08999633789062,65.08999633789062,31017677
2021-04-30 00:00:00-04:00,56.0,57.630001068115234,55.04999923706055,55.220001220703125,55.220001220703125,88378799
2021-05-03 00:00:00-04:00,55.52000045776367,55.54999923706055,52.66999816894531,54.58000183105469,54.58000183105469,79648970
2021-05-04 00:00:00-04:00,55.06999969482422,55.720001220703125,53.15999984741211,54.400001525878906,54.400001525878906,30404484
2021-05-05 00:00:00-04:00,54.95000076293945,54.63999938964844,53.349998474121094,53.560001373291016,53.560001373291016,11549679
2021-05-06 00:00:00-04:00,53.47999954223633,53.84000015258789,52.34000015258789,53.810001373291016,53.810001373291016,19586930
2021-05-07 00:00:00-04:00,54.77000045776367,54.91999816894531,53.369998931884766,53.790000915527344,53.790000915527344,21748560
2021-05-10 00:00:00-04:00,53.0099983215332,53.08000183105469,51.619998931884766,51.810001373291016,51.810001373291016,17362305
2021-05-11 00:00:00-04:00,49.52000045776367,53.186500549316406,49.20000076293945,52.880001068115234,52.880001068115234,16749949
2021-05-12 00:00:00-04:00,51.869998931884766,52.380001068115234,50.060001373291016,50.70000076293945,50.70000076293945,17223215
2021-05-13 00:00:00-04:00,51.67499923706055,51.77000045776367,49.1150016784668,50.11000061035156,50.11000061035156,14303880
2021-05-14 00:00:00-04:00,50.61000061035156,51.915000915527344,50.189998626708984,51.72999954223633,51.72999954223633,9836820
2021-05-17 00:00:00-04:00,52.22999954223633,52.72999954223633,51.275001525878906,52.599998474121094,52.599998474121094,21351655
2021-05-18 00:00:00-04:00,52.599998474121094,55.150001525878906,52.41999816894531,53.189998626708984,53.189998626708984,23612297
2021-05-19 00:00:00-04:00,52.189998626708984,53.15999984741211,51.66999816894531,52.91999816894531,52.91999816894531,21551253
2021-05-20 00:00:00-04:00,53.22999954223633,54.90999984741211,53.220001220703125,54.709999084472656,54.709999084472656,12612695
2021-05-21 00:00:00-04:00,55.0,55.0,53.939998626708984,54.45000076293945,54.45000076293945,12583397
2021-05-24 00:00:00-04:00,54.900001525878906,57.33000183105469,54.65999984741211,57.060001373291016,57.060001373291016,25656381
2021-05-25 00:00:00-04:00,57.349998474121094,57.63999938964844,56.540000915527344,57.0,57.0,13488918
2021-05-26 00:00:00-04:00,57.3650016784668,58.614200592041016,57.310001373291016,57.849998474121094,57.849998474121094,15984388
2021-05-27 00:00:00-04:00,57.63999938964844,58.29499816894531,57.03099822998047,58.08000183105469,58.08000183105469,9113856
2021-05-28 00:00:00-04:00,58.20000076293945,58.560001373291016,57.83000183105469,58.0,58.0,8752685
2021-06-01 00:00:00-04:00,58.20000076293945,58.20000076293945,56.27000045776367,57.439998626708984,57.439998626708984,13122739
2021-06-02 00:00:00-04:00,57.279998779296875,57.63999938964844,56.31999969482422,57.15999984741211,57.15999984741211,9472925
2021-06-03 00:00:00-04:00,56.959999084472656,58.66999816894531,55.83000183105469,57.0099983215332,57.0099983215332,21985673
2021-06-04 00:00:00-04:00,57.40999984741211,59.29999923706055,57.31999969482422,59.0,59.0,12256132
2021-06-07 00:00:00-04:00,58.619998931884766,59.82500076293945,57.720001220703125,59.630001068115234,59.630001068115234,10538555
2021-06-08 00:00:00-04:00,59.790000915527344,60.089500427246094,57.81999969482422,58.810001373291016,58.810001373291016,12772928
2021-06-09 00:00:00-04:00,59.59000015258789,61.04999923706055,59.40999984741211,59.709999084472656,59.709999084472656,16163559
2021-06-10 00:00:00-04:00,59.79999923706055,60.380001068115234,58.7400016784668,60.29999923706055,60.29999923706055,8717489
2021-06-11 00:00:00-04:00,59.95000076293945,60.62969970703125,59.869998931884766,60.5,60.5,6980424
2021-06-14 00:00:00-04:00,60.849998474121094,61.54999923706055,60.45000076293945,60.83000183105469,60.83000183105469,9316553
2021-06-15 00:00:00-04:00,61.09000015258789,61.31829833984375,60.189998626708984,60.22999954223633,60.22999954223633,9579902
2021-06-16 00:00:00-04:00,60.119998931884766,61.150001525878906,59.150001525878906,59.93000030517578,59.93000030517578,9336461
2021-06-17 00:00:00-04:00,59.61000061035156,61.622100830078125,59.529998779296875,60.709999084472656,60.709999084472656,10201253
2021-06-18 00:00:00-04:00,60.20000076293945,60.970001220703125,59.525001525878906,60.849998474121094,60.849998474121094,13272992
2021-06-21 00:00:00-04:00,60.849998474121094,62.09000015258789,59.7400016784668,61.959999084472656,61.959999084472656,12027146
2021-06-22 00:00:00-04:00,61.91999816894531,64.05000305175781,61.90999984741211,63.779998779296875,63.779998779296875,16686235
2021-06-23 00:00:00-04:00,63.90999984741211,66.7699966430664,63.790000915527344,66.48999786376953,66.48999786376953,18547983
2021-06-24 00:00:00-04:00,66.75,68.73999786376953,66.75,68.25,68.25,23144774
2021-06-25 00:00:00-04:00,68.29000091552734,68.91999816894531,67.27999877929688,67.93000030517578,67.93000030517578,13896866
2021-06-28 00:00:00-04:00,68.16000366210938,68.62840270996094,67.07499694824219,68.29000091552734,68.29000091552734,11176106
2021-06-29 00:00:00-04:00,68.27999877929688,69.37999725341797,67.93000030517578,69.0,69.0,9526441
2021-06-30 00:00:00-04:00,68.76000213623047,69.11990356445312,68.25,68.80999755859375,68.80999755859375,9752947
2021-07-01 00:00:00-04:00,68.56999969482422,70.0,67.37000274658203,68.11000061035156,68.11000061035156,9988136
2021-07-02 00:00:00-04:00,68.70999908447266,69.29000091552734,68.43000030517578,69.19999694824219,69.19999694824219,8098529
2021-07-06 00:00:00-04:00,69.3499984741211,70.93000030517578,69.2300033569336,70.20999908447266,70.20999908447266,12317415
2021-07-07 00:00:00-04:00,70.62999725341797,70.8499984741211,68.70999908447266,68.76000213623047,68.76000213623047,10609322
2021-07-08 00:00:00-04:00,67.0,67.6050033569336,66.23999786376953,66.83000183105469,66.83000183105469,12782464
2021-07-09 00:00:00-04:00,67.06999969482422,69.01000213623047,66.9800033569336,68.97000122070312,68.97000122070312,14393749
2021-07-12 00:00:00-04:00,69.45999908447266,70.43699645996094,68.80000305175781,69.86000061035156,69.86000061035156,9223642
2021-07-13 00:00:00-04:00,69.54000091552734,70.86990356445312,69.26000213623047,69.5999984741211,69.5999984741211,9992695
2021-07-14 00:00:00-04:00,70.41999816894531,72.06999969482422,70.08999633789062,70.2699966430664,70.2699966430664,21555863
2021-07-15 00:00:00-04:00,70.0999984741211,70.16000366210938,67.41010284423828,68.06999969482422,68.06999969482422,14933775
2021-07-16 00:00:00-04:00,68.55999755859375,69.27999877929688,66.13999938964844,66.41000366210938,66.41000366210938,14271096
2021-07-19 00:00:00-04:00,65.23999786376953,66.7300033569336,64.6500015258789,66.0199966430664,66.0199966430664,15830105
2021-07-20 00:00:00-04:00,66.25,68.54000091552734,65.81999969482422,67.94000244140625,67.94000244140625,11583922
2021-07-21 00:00:00-04:00,67.58999633789062,69.7699966430664,67.55000305175781,69.54000091552734,69.54000091552734,10082850
2021-07-22 00:00:00-04:00,68.63999938964844,70.12999725341797,68.51029968261719,69.56999969482422,69.56999969482422,24130380
2021-07-23 00:00:00-04:00,72.19999694824219,73.33999633789062,69.87999725341797,71.69000244140625,71.69000244140625,44275797
2021-07-26 00:00:00-04:00,71.25,71.25,67.4749984741211,68.69000244140625,68.69000244140625,29185119
2021-07-27 00:00:00-04:00,68.31999969482422,69.4800033569336,66.86000061035156,68.33000183105469,68.33000183105469,16988334
2021-07-28 00:00:00-04:00,68.38999938964844,71.91999816894531,67.76000213623047,69.95999908447266,69.95999908447266,23203601
2021-07-29 00:00:00-04:00,69.5,71.58999633789062,69.5,70.37000274658203,70.37000274658203,11629950
2021-07-30 00:00:00-04:00,69.83000183105469,71.12979888916016,69.5,69.75,69.75,13220524
2021-08-02 00:00:00-04:00,70.2300033569336,70.44000244140625,68.66000366210938,69.12999725341797,69.12999725341797,12040813
2021-08-03 00:00:00-04:00,69.87000274658203,70.95999908447266,68.08000183105469,68.62999725341797,68.62999725341797,9221355
2021-08-04 00:00:00-04:00,68.68000030517578,69.08000183105469,67.90499877929688,68.69999694824219,68.69999694824219,7578368
2021-08-05 00:00:00-04:00,68.8499984741211,69.44999694824219,68.08000183105469,69.27999877929688,69.27999877929688,8634574
2021-08-06 00:00:00-04:00,69.30000305175781,69.80999755859375,66.875,67.37000274658203,67.37000274658203,11458073
2021-08-09 00:00:00-04:00,67.5,67.5199966430664,66.44999694824219,67.01000213623047,67.01000213623047,7938295
2021-08-10 00:00:00-04:00,67.19999694824219,67.37000274658203,65.56999969482422,65.68000030517578,65.68000030517578,8995701
2021-08-11 00:00:00-04:00,65.79000091552734,66.33499908447266,64.62999725341797,65.45999908447266,65.45999908447266,8630505
2021-08-12 00:00:00-04:00,64.80999755859375,65.27989959716797,64.05999755859375,64.94999694824219,64.94999694824219,7961057
2021-08-13 00:00:00-04:00,64.98999786376953,65.7699966430664,64.61499786376953,64.81999969482422,64.81999969482422,6083957
2021-08-16 00:00:00-04:00,64.33999633789062,64.94000244140625,62.80500030517578,63.779998779296875,63.779998779296875,11993858
2021-08-17 00:00:00-04:00,63.34000015258789,63.84000015258789,62.35499954223633,62.880001068115234,62.880001068115234,6950259
2021-08-18 00:00:00-04:00,62.849998474121094,63.310001373291016,62.06999969482422,62.119998931884766,62.119998931884766,6890963
2021-08-19 00:00:00-04:00,61.59000015258789,63.189998626708984,61.5,62.04999923706055,62.04999923706055,8508145
2021-08-20 00:00:00-04:00,62.130001068115234,63.16999816894531,61.9900016784668,62.52000045776367,62.52000045776367,8596261
2021-08-23 00:00:00-04:00,63.20000076293945,64.55500030517578,63.060001373291016,64.12999725341797,64.12999725341797,9962350
2021-08-24 00:00:00-04:00,64.83999633789062,65.05999755859375,63.91999816894531,63.97999954223633,63.97999954223633,6133879
2021-08-25 00:00:00-04:00,63.95000076293945,64.30999755859375,63.20000076293945,64.16999816894531,64.16999816894531,5470229
2021-08-26 00:00:00-04:00,63.959999084472656,64.25,62.529998779296875,62.61000061035156,62.61000061035156,6379518
2021-08-27 00:00:00-04:00,62.720001220703125,63.720001220703125,62.4900016784668,63.43000030517578,63.43000030517578,6332555
2021-08-30 00:00:00-04:00,63.69499969482422,65.05000305175781,63.45000076293945,64.69999694824219,64.69999694824219,8071895
2021-08-31 00:00:00-04:00,64.5199966430664,65.1500015258789,64.16000366210938,64.5,64.5,9157875
2021-09-01 00:00:00-04:00,64.6500015258789,66.72000122070312,64.6500015258789,65.55000305175781,65.55000305175781,15284349
2021-09-02 00:00:00-04:00,65.97000122070312,66.05000305175781,64.41419982910156,64.5999984741211,64.5999984741211,8591562
2021-09-03 00:00:00-04:00,64.43000030517578,65.08999633789062,63.849998474121094,64.66000366210938,64.66000366210938,5061371
2021-09-07 00:00:00-04:00,64.70999908447266,65.12999725341797,64.15010070800781,64.9800033569336,64.9800033569336,7149388
2021-09-08 00:00:00-04:00,64.93499755859375,65.36150360107422,62.08000183105469,62.27000045776367,62.27000045776367,11767221
2021-09-09 00:00:00-04:00,62.36000061035156,63.18000030517578,62.2400016784668,62.459999084472656,62.459999084472656,8168889
2021-09-10 00:00:00-04:00,62.95000076293945,63.369998931884766,61.470001220703125,61.560001373291016,61.560001373291016,7032095
2021-09-13 00:00:00-04:00,61.29999923706055,61.40999984741211,58.449501037597656,59.65999984741211,59.65999984741211,16851569
2021-09-14 00:00:00-04:00,60.064998626708984,60.70000076293945,59.4900016784668,60.189998626708984,60.189998626708984,8240068
2021-09-15 00:00:00-04:00,60.099998474121094,61.90999984741211,59.63999938964844,61.84000015258789,61.84000015258789,13074529
2021-09-16 00:00:00-04:00,61.529998779296875,62.61000061035156,60.93000030517578,62.290000915527344,62.290000915527344,9918661
2021-09-17 00:00:00-04:00,62.099998474121094,62.97999954223633,61.650001525878906,62.470001220703125,62.470001220703125,9813245
2021-09-20 00:00:00-04:00,61.150001525878906,61.31999969482422,59.84000015258789,60.95000076293945,60.95000076293945,12194274
2021-09-21 00:00:00-04:00,61.5099983215332,63.29999923706055,61.5099983215332,62.779998779296875,62.779998779296875,10400269
2021-09-22 00:00:00-04:00,62.04999923706055,64.62999725341797,61.2599983215332,64.25,64.25,13052283
2021-09-23 00:00:00-04:00,64.79000091552734,66.93000030517578,64.04000091552734,66.69000244140625,66.69000244140625,15123546
2021-09-24 00:00:00-04:00,66.08999633789062,67.44999694824219,65.45999908447266,67.22000122070312,67.22000122070312,11035729
2021-09-27 00:00:00-04:00,66.61000061035156,67.08999633789062,65.22000122070312,65.37000274658203,65.37000274658203,11264861
2021-09-28 00:00:00-04:00,64.36000061035156,64.54000091552734,62.15999984741211,62.45000076293945,62.45000076293945,9866597
2021-09-29 00:00:00-04:00,62.939998626708984,63.36000061035156,60.0099983215332,60.06999969482422,60.06999969482422,9256079
2021-09-30 00:00:00-04:00,60.375,61.22999954223633,59.86000061035156,60.38999938964844,60.38999938964844,9372556
2021-10-01 00:00:00-04:00,60.80500030517578,62.13999938964844,60.560001373291016,61.97999954223633,61.97999954223633,9728406
2021-10-04 00:00:00-04:00,61.040000915527344,61.15999984741211,57.63999938964844,58.38999938964844,58.38999938964844,17381334
2021-10-05 00:00:00-04:00,59.209999084472656,60.66999816894531,58.81999969482422,59.86000061035156,59.86000061035156,12006524
2021-10-06 00:00:00-04:00,58.95000076293945,61.709999084472656,58.790000915527344,61.290000915527344,61.290000915527344,10648063
2021-10-07 00:00:00-04:00,62.19499969482422,64.36000061035156,62.150001525878906,63.970001220703125,63.970001220703125,15010447
2021-10-08 00:00:00-04:00,64.25,64.33999633789062,63.310001373291016,63.68000030517578,63.68000030517578,8098840
2021-10-11 00:00:00-04:00,62.9900016784668,63.5099983215332,62.06999969482422,62.099998474121094,62.099998474121094,9020360
2021-10-12 00:00:00-04:00,61.68000030517578,62.79499816894531,60.790000915527344,61.45000076293945,61.45000076293945,9952091
2021-10-13 00:00:00-04:00,61.959999084472656,62.7400016784668,61.5099983215332,62.20000076293945,62.20000076293945,9431811
2021-10-14 00:00:00-04:00,63.0099983215332,63.779998779296875,62.75310134887695,63.16999816894531,63.16999816894531,6815679
2021-10-15 00:00:00-04:00,63.2400016784668,63.43069839477539,62.290000915527344,62.77000045776367,62.77000045776367,6693575
2021-10-18 00:00:00-04:00,62.689998626708984,65.06500244140625,62.66999816894531,64.83999633789062,64.83999633789062,10359530
2021-10-19 00:00:00-04:00,65.13999938964844,67.36000061035156,64.30000305175781,66.11000061035156,66.11000061035156,11486884
2021-10-20 00:00:00-04:00,66.36000061035156,68.41000366210938,65.54000091552734,65.80000305175781,65.80000305175781,15938354
2021-10-21 00:00:00-04:00,65.66999816894531,65.9800033569336,64.7300033569336,65.4000015258789,65.4000015258789,10918515
2021-10-22 00:00:00-04:00,63.810001373291016,64.47000122070312,62.09000015258789,62.2400016784668,62.2400016784668,17636449
2021-10-25 00:00:00-04:00,61.52000045776367,62.66999816894531,60.45000076293945,62.11000061035156,62.11000061035156,15874510
2021-10-26 00:00:00-04:00,62.65999984741211,63.08000183105469,60.939998626708984,61.43000030517578,61.43000030517578,22676075
2021-10-27 00:00:00-04:00,60.04999923706055,60.15999984741211,54.78499984741211,54.810001373291016,54.810001373291016,48107729
2021-10-28 00:00:00-04:00,55.08000183105469,55.63999938964844,53.88999938964844,54.290000915527344,54.290000915527344,22508364
2021-10-29 00:00:00-04:00,54.0099983215332,54.47999954223633,53.150001525878906,53.540000915527344,53.540000915527344,14832438
2021-11-01 00:00:00-04:00,53.560001373291016,55.33000183105469,53.410099029541016,55.11000061035156,55.11000061035156,14747011
2021-11-02 00:00:00-04:00,55.040000915527344,55.08000183105469,53.775001525878906,53.9900016784668,53.9900016784668,11571394
2021-11-03 00:00:00-04:00,53.68000030517578,54.54999923706055,53.099998474121094,54.529998779296875,54.529998779296875,9774196
2021-11-04 00:00:00-04:00,54.58000183105469,54.84000015258789,53.18000030517578,53.68000030517578,53.68000030517578,11284746
2021-11-05 00:00:00-04:00,54.11000061035156,54.18000030517578,52.810001373291016,53.150001525878906,53.150001525878906,13273810
2021-11-08 00:00:00-05:00,53.45000076293945,54.31999969482422,53.15999984741211,54.08000183105469,54.08000183105469,10565452
2021-11-09 00:00:00-05:00,54.11000061035156,54.93000030517578,53.154998779296875,53.70000076293945,53.70000076293945,11230069
2021-11-10 00:00:00-05:00,53.25,53.974998474121094,51.75,52.33000183105469,52.33000183105469,18858416
2021-11-11 00:00:00-05:00,52.59000015258789,52.84000015258789,51.84000015258789,51.97999954223633,51.97999954223633,13972051
2021-11-12 00:00:00-05:00,52.29999923706055,52.810001373291016,51.91999816894531,52.25,52.25,13287622
2021-11-15 00:00:00-05:00,52.40999984741211,53.90999984741211,52.40999984741211,52.95000076293945,52.95000076293945,21965592
2021-11-16 00:00:00-05:00,52.86000061035156,53.0,51.875,52.11000061035156,52.11000061035156,10743600
2021-11-17 00:00:00-05:00,52.029998779296875,52.13999938964844,50.57500076293945,50.61000061035156,50.61000061035156,16968835
2021-11-18 00:00:00-05:00,50.650001525878906,50.83000183105469,48.459999084472656,48.599998474121094,48.599998474121094,22373493
2021-11-19 00:00:00-05:00,49.119998931884766,50.369998931884766,48.400001525878906,48.400001525878906,48.400001525878906,26162364
2021-11-22 00:00:00-05:00,48.5099983215332,48.54999923706055,46.52000045776367,47.310001373291016,47.310001373291016,26620061
2021-11-23 00:00:00-05:00,47.20000076293945,47.459999084472656,45.974998474121094,47.13999938964844,47.13999938964844,19663664
2021-11-24 00:00:00-05:00,46.65999984741211,47.63800048828125,46.15999984741211,47.52000045776367,47.52000045776367,9979511
2021-11-26 00:00:00-05:00,46.63999938964844,47.349998474121094,46.22999954223633,47.06999969482422,47.06999969482422,7861278
2021-11-29 00:00:00-05:00,51.880001068115234,52.27000045776367,45.619998931884766,45.779998779296875,45.779998779296875,71686647
2021-11-30 00:00:00-05:00,45.5099983215332,45.849998474121094,43.0,43.939998626708984,43.939998626708984,36213370
2021-12-01 00:00:00-05:00,44.90999984741211,46.5,42.79999923706055,42.81999969482422,42.81999969482422,34145364
2021-12-02 00:00:00-05:00,43.060001373291016,43.15999984741211,41.75,42.650001525878906,42.650001525878906,24374790
2021-12-03 00:00:00-05:00,42.81999969482422,43.099998474121094,41.0099983215332,42.06999969482422,42.06999969482422,26133743
2021-12-06 00:00:00-05:00,42.11000061035156,44.71989822387695,41.75,44.470001220703125,44.470001220703125,26228738
2021-12-07 00:00:00-05:00,45.06999969482422,46.34000015258789,44.31999969482422,44.459999084472656,44.459999084472656,21200451
2021-12-08 00:00:00-05:00,44.599998474121094,46.20000076293945,44.34000015258789,45.720001220703125,45.720001220703125,18408232
2021-12-09 00:00:00-05:00,47.209999084472656,48.220001220703125,46.40999984741211,46.459999084472656,46.459999084472656,26145244
2021-12-10 00:00:00-05:00,46.599998474121094,46.599998474121094,44.970001220703125,45.560001373291016,45.560001373291016,14060613
2021-12-13 00:00:00-05:00,45.54999923706055,45.900001525878906,43.77790069580078,44.599998474121094,44.599998474121094,11710281
2021-12-14 00:00:00-05:00,44.040000915527344,44.689998626708984,43.70000076293945,44.349998474121094,44.349998474121094,11205447
2021-12-15 00:00:00-05:00,44.0,44.2400016784668,42.7400016784668,44.06999969482422,44.06999969482422,14962114
2021-12-16 00:00:00-05:00,44.43000030517578,45.029998779296875,42.720001220703125,43.130001068115234,43.130001068115234,13052607
2021-12-17 00:00:00-05:00,42.70000076293945,44.03010177612305,41.630001068115234,43.06999969482422,43.06999969482422,29137996
2021-12-20 00:00:00-05:00,42.369998931884766,43.26499938964844,41.790000915527344,42.97999954223633,42.97999954223633,12319480
2021-12-21 00:00:00-05:00,43.22999954223633,44.44990158081055,42.724998474121094,44.36000061035156,44.36000061035156,9537405
2021-12-22 00:00:00-05:00,44.04999923706055,44.560001373291016,43.625,43.900001525878906,43.900001525878906,10134789
2021-12-23 00:00:00-05:00,44.0,44.529998779296875,43.0,44.15999984741211,44.15999984741211,8977559
2021-12-27 00:00:00-05:00,44.209999084472656,44.91999816894531,44.130001068115234,44.33000183105469,44.33000183105469,8596818
2021-12-28 00:00:00-05:00,44.209999084472656,44.779998779296875,43.22999954223633,43.43000030517578,43.43000030517578,8838648
2021-12-29 00:00:00-05:00,43.16999816894531,43.54999923706055,42.560001373291016,42.7599983215332,42.7599983215332,8732869
2021-12-30 00:00:00-05:00,42.77000045776367,45.09000015258789,42.630001068115234,44.459999084472656,44.459999084472656,14541107
2021-12-31 00:00:00-05:00,44.34000015258789,44.7599983215332,43.18000030517578,43.220001220703125,43.220001220703125,9829619
2022-01-03 00:00:00-05:00,43.5,43.689998626708984,42.47999954223633,42.65999984741211,42.65999984741211,14447453
2022-01-04 00:00:00-05:00,42.849998474121094,42.970001220703125,40.36000061035156,40.849998474121094,40.849998474121094,21422442
2022-01-05 00:00:00-05:00,40.79999923706055,41.87540054321289,39.45000076293945,39.5,39.5,22008559
2022-01-06 00:00:00-05:00,39.5,40.439998626708984,38.689998626708984,39.59000015258789,39.59000015258789,16613358
2022-01-07 00:00:00-05:00,39.650001525878906,40.689998626708984,39.31999969482422,39.66999816894531,39.66999816894531,14669913
2022-01-10 00:00:00-05:00,39.33000183105469,40.03499984741211,38.220001220703125,39.970001220703125,39.970001220703125,14997303
2022-01-11 00:00:00-05:00,39.790000915527344,40.93989944458008,39.599998474121094,40.65999984741211,40.65999984741211,13815386
2022-01-12 00:00:00-05:00,40.880001068115234,41.47999954223633,39.77000045776367,40.25,40.25,10439039
2022-01-13 00:00:00-05:00,40.150001525878906,40.34000015258789,38.61000061035156,38.70000076293945,38.70000076293945,15075627
2022-01-14 00:00:00-05:00,38.43000030517578,39.04999923706055,37.5099983215332,38.439998626708984,38.439998626708984,14849796
2022-01-18 00:00:00-05:00,37.720001220703125,38.20000076293945,37.130001068115234,37.29999923706055,37.29999923706055,14915247
2022-01-19 00:00:00-05:00,37.130001068115234,38.279998779296875,37.005001068115234,37.349998474121094,37.349998474121094,19797988
2022-01-20 00:00:00-05:00,37.84000015258789,39.029998779296875,37.19499969482422,37.279998779296875,37.279998779296875,17688913
2022-01-21 00:00:00-05:00,36.900001525878906,37.08000183105469,34.79499816894531,34.81999969482422,34.81999969482422,25674078
2022-01-24 00:00:00-05:00,33.70000076293945,35.13999938964844,32.04999923706055,35.060001373291016,35.060001373291016,31932961
2022-01-25 00:00:00-05:00,34.220001220703125,34.9900016784668,33.619998931884766,34.16999816894531,34.16999816894531,19205772
2022-01-26 00:00:00-05:00,34.970001220703125,35.43000030517578,33.26499938964844,33.619998931884766,33.619998931884766,21377945
2022-01-27 00:00:00-05:00,34.13999938964844,35.141700744628906,33.810001373291016,33.84000015258789,33.84000015258789,16637276
2022-01-28 00:00:00-05:00,33.790000915527344,35.29999923706055,33.599998474121094,35.27000045776367,35.27000045776367,14368685
2022-01-31 00:00:00-05:00,35.43000030517578,37.560001373291016,35.34000015258789,37.5099983215332,37.5099983215332,17558278
2022-02-01 00:00:00-05:00,37.84000015258789,38.16999816894531,36.869998931884766,38.119998931884766,38.119998931884766,14628246
2022-02-02 00:00:00-05:00,38.290000915527344,38.290000915527344,36.25,36.5099983215332,36.5099983215332,18992993
2022-02-03 00:00:00-05:00,33.84000015258789,35.18000030517578,33.84000015258789,34.47999954223633,34.47999954223633,32803389
2022-02-04 00:00:00-05:00,35.65999984741211,37.439998626708984,34.7599983215332,36.939998626708984,36.939998626708984,23579592
2022-02-07 00:00:00-05:00,36.720001220703125,37.33000183105469,35.89500045776367,36.040000915527344,36.040000915527344,22770464
2022-02-08 00:00:00-05:00,35.52000045776367,36.27000045776367,35.150001525878906,35.97999954223633,35.97999954223633,17194932
2022-02-09 00:00:00-05:00,36.5,37.91999816894531,36.13999938964844,37.83000183105469,37.83000183105469,24473520
2022-02-10 00:00:00-05:00,36.560001373291016,39.099998474121094,36.220001220703125,37.08000183105469,37.08000183105469,48150273
2022-02-11 00:00:00-05:00,37.41999816894531,37.7599983215332,35.65999984741211,35.84000015258789,35.84000015258789,23516836
2022-02-14 00:00:00-05:00,35.619998931884766,36.61000061035156,35.5,35.689998626708984,35.689998626708984,15212644
2022-02-15 00:00:00-05:00,36.22999954223633,37.0,36.060001373291016,36.97999954223633,36.97999954223633,21350445
2022-02-16 00:00:00-05:00,35.970001220703125,36.28499984741211,35.52000045776367,36.2400016784668,36.2400016784668,17602359
2022-02-17 00:00:00-05:00,35.9900016784668,36.61000061035156,35.31999969482422,35.43000030517578,35.43000030517578,16524414
2022-02-18 00:00:00-05:00,35.4900016784668,35.65999984741211,34.099998474121094,34.31999969482422,34.31999969482422,15339039
2022-02-22 00:00:00-05:00,33.65999984741211,33.93000030517578,32.75,32.93000030517578,32.93000030517578,16913051
2022-02-23 00:00:00-05:00,33.25,33.45500183105469,32.41999816894531,32.7599983215332,32.7599983215332,15102051
2022-02-24 00:00:00-05:00,31.299999237060547,35.064998626708984,31.299999237060547,34.97999954223633,34.97999954223633,22551009
2022-02-25 00:00:00-05:00,35.119998931884766,35.29999923706055,34.130001068115234,35.290000915527344,35.290000915527344,15394855
2022-02-28 00:00:00-05:00,34.95000076293945,36.04999923706055,34.85499954223633,35.54999923706055,35.54999923706055,17962027
2022-03-01 00:00:00-05:00,35.5099983215332,36.127601623535156,34.70500183105469,35.560001373291016,35.560001373291016,17948015
2022-03-02 00:00:00-05:00,35.77000045776367,35.77000045776367,34.130001068115234,34.619998931884766,34.619998931884766,18255137
2022-03-03 00:00:00-05:00,34.900001525878906,35.18000030517578,33.45000076293945,33.4900016784668,33.4900016784668,18791981
2022-03-04 00:00:00-05:00,33.75,34.22999954223633,32.95000076293945,33.38999938964844,33.38999938964844,17537857
2022-03-07 00:00:00-05:00,33.5099983215332,33.880001068115234,32.400001525878906,32.41999816894531,32.41999816894531,18780247
2022-03-08 00:00:00-05:00,32.27000045776367,33.83000183105469,31.950000762939453,32.68000030517578,32.68000030517578,17410612
2022-03-09 00:00:00-05:00,33.54999923706055,34.529998779296875,33.29999923706055,34.369998931884766,34.369998931884766,16886048
2022-03-10 00:00:00-05:00,33.630001068115234,34.439998626708984,33.369998931884766,34.119998931884766,34.119998931884766,12583295
2022-03-11 00:00:00-05:00,34.040000915527344,34.11000061035156,32.880001068115234,33.0,33.0,15751909
2022-03-14 00:00:00-04:00,32.689998626708984,33.95000076293945,32.47999954223633,33.029998779296875,33.029998779296875,17551479
2022-03-15 00:00:00-04:00,33.119998931884766,34.52000045776367,33.0,33.970001220703125,33.970001220703125,14677991
2022-03-16 00:00:00-04:00,34.900001525878906,35.650001525878906,34.31999969482422,35.369998931884766,35.369998931884766,25197014
2022-03-17 00:00:00-04:00,35.209999084472656,37.709999084472656,34.88999938964844,37.29999923706055,37.29999923706055,30853067
2022-03-18 00:00:00-04:00,37.459999084472656,39.04499816894531,37.18000030517578,37.77000045776367,37.77000045776367,35946312
2022-03-21 00:00:00-04:00,37.70000076293945,37.88999938964844,36.63999938964844,37.439998626708984,37.439998626708984,20298742
2022-03-22 00:00:00-04:00,37.63999938964844,39.04499816894531,37.619998931884766,38.43000030517578,38.43000030517578,17162051
2022-03-23 00:00:00-04:00,38.0,38.75,37.58000183105469,38.0,38.0,12993635
2022-03-24 00:00:00-04:00,38.33000183105469,39.09000015258789,38.22999954223633,38.81999969482422,38.81999969482422,18281410
2022-03-25 00:00:00-04:00,38.9900016784668,39.47050094604492,37.689998626708984,38.599998474121094,38.599998474121094,20787529
2022-03-28 00:00:00-04:00,38.439998626708984,39.29499816894531,38.29999923706055,39.119998931884766,39.119998931884766,14225619
2022-03-29 00:00:00-04:00,39.47999954223633,40.95899963378906,39.38999938964844,40.689998626708984,40.689998626708984,17855436
2022-03-30 00:00:00-04:00,40.349998474121094,40.349998474121094,38.56999969482422,39.0,39.0,15804341
2022-03-31 00:00:00-04:00,39.11000061035156,39.22999954223633,38.410499572753906,38.689998626708984,38.689998626708984,13208334
2022-04-01 00:00:00-04:00,39.15999984741211,39.85499954223633,39.0,39.310001373291016,39.310001373291016,12131791
2022-04-04 00:00:00-04:00,47.869998931884766,51.369998931884766,46.86000061035156,49.970001220703125,49.970001220703125,269213085
2022-04-05 00:00:00-04:00,53.849998474121094,54.56999969482422,50.560001373291016,50.97999954223633,50.97999954223633,217520098
2022-04-06 00:00:00-04:00,50.03499984741211,52.869998931884766,49.29999923706055,50.77000045776367,50.77000045776367,159034747
2022-04-07 00:00:00-04:00,50.470001220703125,51.63999938964844,46.54999923706055,48.029998779296875,48.029998779296875,120844135
2022-04-08 00:00:00-04:00,47.29999923706055,48.439998626708984,45.83209991455078,46.22999954223633,46.22999954223633,83315946
2022-04-11 00:00:00-04:00,45.75,47.97999954223633,44.709999084472656,47.0099983215332,47.0099983215332,117814009
2022-04-12 00:00:00-04:00,47.029998779296875,47.54999923706055,44.439998626708984,44.47999954223633,44.47999954223633,60794025
2022-04-13 00:00:00-04:00,44.79999923706055,46.33000183105469,44.54999923706055,45.849998474121094,45.849998474121094,44306698
2022-04-14 00:00:00-04:00,48.369998931884766,48.5,44.720001220703125,45.08000183105469,45.08000183105469,258868339
2022-04-18 00:00:00-04:00,46.2400016784668,48.72999954223633,44.36000061035156,48.45000076293945,48.45000076293945,153119550
2022-04-19 00:00:00-04:00,47.29999923706055,48.5,45.0,46.15999984741211,46.15999984741211,125776037
2022-04-20 00:00:00-04:00,46.34000015258789,47.11000061035156,45.029998779296875,46.720001220703125,46.720001220703125,63360019
2022-04-21 00:00:00-04:00,45.5099983215332,47.939998626708984,45.5,47.08000183105469,47.08000183105469,70413596
2022-04-22 00:00:00-04:00,47.77000045776367,49.72999954223633,47.4900016784668,48.93000030517578,48.93000030517578,76504488
2022-04-25 00:00:00-04:00,51.02000045776367,52.290000915527344,50.2400016784668,51.70000076293945,51.70000076293945,176803635
2022-04-26 00:00:00-04:00,51.56999969482422,51.619998931884766,49.43000030517578,49.68000030517578,49.68000030517578,115020379
2022-04-27 00:00:00-04:00,49.060001373291016,49.2599983215332,47.81999969482422,48.63999938964844,48.63999938964844,59106880
2022-04-28 00:00:00-04:00,49.0099983215332,49.915000915527344,47.959999084472656,49.11000061035156,49.11000061035156,43816868
2022-04-29 00:00:00-04:00,49.45000076293945,50.25,48.7400016784668,49.02000045776367,49.02000045776367,38250854
2022-05-02 00:00:00-04:00,48.70000076293945,49.7599983215332,48.56999969482422,49.13999938964844,49.13999938964844,32608086
2022-05-03 00:00:00-04:00,49.150001525878906,49.47999954223633,48.75,48.869998931884766,48.869998931884766,24773030
2022-05-04 00:00:00-04:00,48.79999923706055,49.25,48.34000015258789,49.060001373291016,49.060001373291016,28442976
2022-05-05 00:00:00-04:00,50.529998779296875,51.209999084472656,49.810001373291016,50.36000061035156,50.36000061035156,60506940
2022-05-06 00:00:00-04:00,49.959999084472656,50.290000915527344,49.5,49.79999923706055,49.79999923706055,23446331
2022-05-09 00:00:00-04:00,49.29999923706055,49.439998626708984,47.625,47.959999084472656,47.959999084472656,37706836
2022-05-10 00:00:00-04:00,47.90999984741211,48.36000061035156,46.5,47.2599983215332,47.2599983215332,23816665
2022-05-11 00:00:00-04:00,46.95000076293945,48.150001525878906,45.79999923706055,46.09000015258789,46.09000015258789,24815127
2022-05-12 00:00:00-04:00,45.0099983215332,47.470001220703125,43.33000183105469,45.08000183105469,45.08000183105469,37682245
2022-05-13 00:00:00-04:00,40.400001525878906,42.0,40.0099983215332,40.720001220703125,40.720001220703125,101830362
2022-05-16 00:00:00-04:00,39.16999816894531,39.28990173339844,37.31999969482422,37.38999938964844,37.38999938964844,52310654
2022-05-17 00:00:00-04:00,37.0,38.869998931884766,36.849998474121094,38.31999969482422,38.31999969482422,44990281
2022-05-18 00:00:00-04:00,37.41999816894531,38.720001220703125,36.57500076293945,36.849998474121094,36.849998474121094,24010289
2022-05-19 00:00:00-04:00,36.76020050048828,38.5,36.20000076293945,37.290000915527344,37.290000915527344,32000301
2022-05-20 00:00:00-04:00,37.77000045776367,38.310001373291016,36.75,38.290000915527344,38.290000915527344,23637863
2022-05-23 00:00:00-04:00,37.77000045776367,38.0,36.939998626708984,37.86000061035156,37.86000061035156,13601346
2022-05-24 00:00:00-04:00,36.939998626708984,37.202598571777344,35.400001525878906,35.7599983215332,35.7599983215332,22662972
2022-05-25 00:00:00-04:00,36.060001373291016,37.369998931884766,36.02000045776367,37.15999984741211,37.15999984741211,23262766
2022-05-26 00:00:00-04:00,38.52000045776367,39.589900970458984,38.22999954223633,39.52000045776367,39.52000045776367,22968398
2022-05-27 00:00:00-04:00,39.56999969482422,40.77000045776367,39.47999954223633,40.16999816894531,40.16999816894531,16789855
2022-05-31 00:00:00-04:00,40.06999969482422,40.349998474121094,39.41999816894531,39.599998474121094,39.599998474121094,11579046
2022-06-01 00:00:00-04:00,39.79999923706055,40.2599983215332,39.2400016784668,39.29999923706055,39.29999923706055,11117247
2022-06-02 00:00:00-04:00,39.06999969482422,40.46500015258789,38.810001373291016,39.90999984741211,39.90999984741211,11696029
2022-06-03 00:00:00-04:00,40.45000076293945,41.040000915527344,39.974998474121094,40.15999984741211,40.15999984741211,18269884
2022-06-06 00:00:00-04:00,38.15999984741211,39.939998626708984,37.91379928588867,39.560001373291016,39.560001373291016,26119634
2022-06-07 00:00:00-04:00,39.084999084472656,40.2400016784668,38.95000076293945,40.130001068115234,40.130001068115234,15808735
2022-06-08 00:00:00-04:00,39.959999084472656,41.290000915527344,39.83000183105469,40.439998626708984,40.439998626708984,15292960
2022-06-09 00:00:00-04:00,40.25,40.540000915527344,39.529998779296875,39.529998779296875,39.529998779296875,7978363
2022-06-10 00:00:00-04:00,39.52000045776367,39.630001068115234,38.88999938964844,38.97999954223633,38.97999954223633,10534875
